怎么调节风量大小,风速调节
出风口风速怎么调节,风速调节
空调的风速怎么改变,风速调节
空调怎么自动调节温度,自动调节
出风口的风速怎么调高一些,风速调节
出风口的风速怎么调低一些,风速调节
空调怎么改变温度,温度调节
风速怎么调节,风速调节
空调怎么自动调节风速,自动调节
风速怎么控制,风速调节
暖风怎么调高一些,风速调节
冷风如何调低一些,风速调节
空调怎么调高温度,温度调节
空调如何调低温度,温度调节
怎么改变空调温度,温度调节
如何控制空调温度,温度调节
怎么改变出风口的风向,风向调节
空调怎么自动调节风向,自动调节
如何改变暖风的风向,风向调节
怎么改变座椅的位置,位置调节
座椅位置怎么调节,位置调节
座椅怎么靠后一些,位置调节
座椅怎么靠前一些,位置调节
如何改变风速,风速调节
空调的按钮怎么使用,使用方法
空调怎么制热,使用方法
空调怎么制冷,使用方法
空调制热怎么打开,使用方法
空调制冷怎么打开,使用方法
空调制热,使用方法
空调制冷,使用方法
空调怎么开冷风,使用方法
空调怎么开暖风,使用方法
空调冬天怎么使用,使用方法
空调夏天如何使用,使用方法
前面的出风口怎么吹冷风,使用方法
空调风向该朝哪个方向吹,使用方法
不开空调怎么吹暖风,使用方法
空调怎么吹脚,使用方法
座椅如何加热,使用方法
空调怎么打开除雾功能,使用方法
空调怎么吹脚,使用方法
座椅怎么加热,使用方法
空调如何打开除雾功能,使用方法
夏天空调应该怎么使用比较好,使用方法
冬天空调应该怎么使用,使用方法
怎么打开座椅的加热功能,使用方法
除雾功能怎么使用,使用方法
加热功能怎么打开,使用方法
怎么开启吹脚模式,使用方法
空调有异味怎么清除,故障处理
空调不制冷怎么办,故障处理
空调不制热怎么办,故障处理
空调不能制冷,故障处理
空调不能吹冷风,故障处理
空调不能制热,故障处理
座椅加热功能打不开,故障处理
除雾功能无法除雾,故障处理
吹脚功能失效,故障处理
怎么不能制冷,故障处理
怎么不能制热,故障处理
空调不制热,故障处理
空调不制冷,故障处理
空调打不开,故障处理
空调打开不起作用,故障处理
空调不起作用,故障处理
空调怎么不制冷,故障处理
空调怎么不制热,故障处理
空调风怎么不热,故障处理
座椅无法加热,故障处理
后面的空调现在不热怎么办,故障处理
空调制冷不足是怎么回事,故障处理
除雾没有效果,故障处理
加热不起作用,故障处理
空调没反应,故障处理